<?xml version="1.0" encoding="UTF-8"?>
<project-private xmlns="http://www.netbeans.org/ns/project-private/1">
    <editor-bookmarks xmlns="http://www.netbeans.org/ns/editor-bookmarks/2" lastBookmarkId="0"/>
    <open-files xmlns="http://www.netbeans.org/ns/projectui-open-files/2">
        <group>
            <file>file:/D:/Schule(HTL_Perg)/4BHIF/Java/HW/HUE_4_03_1/SAX-Parser/src/sax/parser/SAXParser.java</file>
            <file>file:/D:/Schule(HTL_Perg)/4BHIF/Java/HW/HUE_4_03_1/SAX-Parser/src/sax/parser/Trainingseinheit.java</file>
        </group>
    </open-files>
</project-private>
